description,family,category1
trash can liners,MRO,JanSan Supplies
3m nitrile gloves,MRO,Safety & PPE Supplies
tool box,MRO,General Mill Supplies (GMS)
soap dispenser,Business Solutions,Washroom & Breakroom
syringe packs,Agriculture,Lab Supplies
bulk shavings,Agriculture,Bedding & Shavings
paper towel,Business Solutions,Washroom & Breakroom
air filters,MRO,General Mill Supplies (GMS)
12oz cups,Business Solutions,Washroom & Breakroom
foam cups,Business Solutions,Washroom & Breakroom
foam cups,Business Solutions,Washroom & Breakroom
mop head,MRO,JanSan Supplies
pad lock,MRO,General Mill Supplies (GMS)
sharpie,Business Solutions,Office Supplies & Furniture
squeegee,MRO,JanSan Supplies
3 ring binder,Business Solutions,Office Supplies & Furniture
coveralls,MRO,Safety & PPE Supplies
"#10 x 1.25"" sellf drilling screw, SS, 100 pk",MRO,General Mill Supplies (GMS)
#2 drive bits,MRO,General Mill Supplies (GMS)
1 inch elect conduit,MRO,Electrical & Lighting Supplies
1/4 drill bites,MRO,General Mill Supplies (GMS)
"10' x 3/4 EMT, 12 ct",MRO,Electrical & Lighting Supplies
10ft - 1/2 inch Cord Protector Wire Loom Tubing Cable Sleeve Split Sleeving For USB Cable,MRO,Electrical & Lighting Supplies
150 Watts LED Work Light Fixture,MRO,Electrical & Lighting Supplies
2'x4' lay in LED light,MRO,Electrical & Lighting Supplies
3/4 Conduit Clamps,MRO,Electrical & Lighting Supplies
Wire and Cables,MRO,Electrical & Lighting Supplies
Circuit Breakers,MRO,Electrical & Lighting Supplies
Switches,MRO,Electrical & Lighting Supplies
Conduit Fittings,MRO,Electrical & Lighting Supplies
Starter,MRO,Electrical & Lighting Supplies
Ignitor,MRO,Electrical & Lighting Supplies
Electrical Fittings,MRO,Electrical & Lighting Supplies
Converter,MRO,Electrical & Lighting Supplies
Electrical Cover,MRO,Electrical & Lighting Supplies
Connector,MRO,Electrical & Lighting Supplies
Contactor,MRO,Electrical & Lighting Supplies
Burner,MRO,Electrical & Lighting Supplies
LED Bulbs,MRO,Electrical & Lighting Supplies
Ballasts,MRO,Electrical & Lighting Supplies
Emergency Lighting,MRO,Electrical & Lighting Supplies
Lighting Controls,MRO,Electrical & Lighting Supplies
Ball Bearings,MRO,Bearings & Power Trans. (BPT)
Roller Chains,MRO,Bearings & Power Trans. (BPT)
Couplings,MRO,Bearings & Power Trans. (BPT)
Sprockets,MRO,Bearings & Power Trans. (BPT)
Gears,MRO,Bearings & Power Trans. (BPT)
Cylinders,MRO,Bearings & Power Trans. (BPT)
Conveyors,MRO,Bearings & Power Trans. (BPT)
Bushings,MRO,Bearings & Power Trans. (BPT)
Rotors,MRO,Bearings & Power Trans. (BPT)
Brakes,MRO,Bearings & Power Trans. (BPT)
Belts,MRO,Bearings & Power Trans. (BPT)
Engines,MRO,Bearings & Power Trans. (BPT)
Printers,Business Solutions,Copy & Print Solutions
Toner and Ink,Business Solutions,Copy & Print Solutions
copy paper,Business Solutions,Copy & Print Solutions
Signs,Business Solutions,Copy & Print Solutions
Heat-Sealed Films,Packaging,Flexible Films & Bags
Pre-stretch Films,Packaging,Flexible Films & Bags
Forming Sheets,Packaging,Flexible Films & Bags
Poly Film,Packaging,Flexible Films & Bags
Gusseted Bags,Packaging,Flexible Films & Bags
Flat Poly Bags,Packaging,Flexible Films & Bags
Stand-Up Pouches,Packaging,Flexible Films & Bags
Shrink Film,Packaging,Flexible Films & Bags
Hydraulic Cylinders,MRO,Fluid Power & Pneumatics (FPP)
Air Compressors,MRO,Fluid Power & Pneumatics (FPP)
Forklift Rental,Facilities,Forklifts
Forklift Purchase,Facilities,Forklifts
Pallet Jacks,Facilities,Forklifts
Freight - Air,Facilities,Freight Services
Freight - LTL,Facilities,Freight Services
Freight - TL,Facilities,Freight Services
Freight - International,Facilities,Freight Services
Air Filters,MRO,General Mill Supplies (GMS)
Fasteners,MRO,General Mill Supplies (GMS)
Drill Bits,MRO,General Mill Supplies (GMS)
Tools,MRO,General Mill Supplies (GMS)
Ductwork Installation,Construction,HVAC
HVAC Unit Repair,Construction,HVAC
HVAC System Installation,Facilities,HVAC
Lubricants,MRO,Industrial Chemicals
Degreasers,MRO,Industrial Chemicals
Adhesives,MRO,Industrial Chemicals
Solvents,MRO,Industrial Chemicals
Desktop,Business Solutions,IT Hardware & Peripherals
Mouse,Business Solutions,IT Hardware & Peripherals
Keyboard,Business Solutions,IT Hardware & Peripherals
Monitor,Business Solutions,IT Hardware & Peripherals
Laptop,Business Solutions,IT Hardware & Peripherals
Mop,MRO,JanSan Supplies
Disinfectant,MRO,JanSan Supplies
Beaker,MRO,Lab Supplies
Test Tube,MRO,Lab Supplies
pH Meter,MRO,Lab Supplies
Centrifuges,MRO,Lab Supplies
Desks,Business Solutions,Office Supplies & Furniture
Filing Cabinets,Business Solutions,Office Supplies & Furniture
Stapler,Business Solutions,Office Supplies & Furniture
Sticky Notes,Business Solutions,Office Supplies & Furniture
Note Pad,Business Solutions,Office Supplies & Furniture
Notebook,Business Solutions,Office Supplies & Furniture
Wooden Pallets,Packaging,Pallets
Plastic Pallets,Packaging,Pallets
Termite Control,Facilities,Pest Control
Rodent Extermination,Facilities,Pest Control
Insect Control,Facilities,Pest Control
Hard Hats,MRO,Safety & PPE Supplies
Safety Glasses,MRO,Safety & PPE Supplies
Gloves,MRO,Safety & PPE Supplies
Hand Wrap,Packaging,Stretch Film
Machine Wrap,Packaging,Stretch Film
Uniform Rental,Facilities,Uniforms & Mats
Laundry Services,Facilities,Uniforms & Mats
Cutlery,Business Solutions,Washroom & Breakroom
Napkin,Business Solutions,Washroom & Breakroom
Dish Soap,Business Solutions,Washroom & Breakroom
Kitchen Appliances,Business Solutions,Washroom & Breakroom
Coffee & Beverages,Business Solutions,Washroom & Breakroom
Tissue,Business Solutions,Washroom & Breakroom
Soap & Sanitizer,Business Solutions,Washroom & Breakroom
Air Fresheners,Business Solutions,Washroom & Breakroom
Towel,Business Solutions,Washroom & Breakroom
Can Liners,Business Solutions,Washroom & Breakroom
Pulley,MRO,Bearings & Power Trans. (BPT)
2 BOLT FLANGE BEARING RADIAL BALL,MRO,Bearings & Power Trans. (BPT)
20x58 Belt,MRO,Bearings & Power Trans. (BPT)
2204-2RS BEARING,MRO,Bearings & Power Trans. (BPT)
25hp motor,MRO,Motors
3/4 hp motors,MRO,Motors
4 bolt flange bearing,MRO,Bearings & Power Trans. (BPT)
conveyor motor,MRO,Motors
A-146 power drive belt,MRO,Bearings & Power Trans. (BPT)
A36 V-Belt,MRO,Bearings & Power Trans. (BPT)
baldor .75 HP motor,MRO,Motors
Ball bearing SS 42x20,MRO,Bearings & Power Trans. (BPT)
BEARING & SHAFT,MRO,Bearings & Power Trans. (BPT)
fan motor,MRO,Motors
Belt 3vx710 super hc,MRO,Bearings & Power Trans. (BPT)
belt drive motor,MRO,Motors
milwaukee drill set,MRO,General Mill Supplies (GMS)
bounty paper towel,Business Solutions,Washroom & Breakroom
1 inch locknut,MRO,General Mill Supplies (GMS)
4XL lab Coats,MRO,Safety & PPE Supplies
Uline Coverall - 2XL 25/box,MRO,Safety & PPE Supplies
Plastic Ziplock Bags 12X12,Business Solutions,Washroom & Breakroom
"Gloves, Long Green 18"" Nitrile - M(8)",MRO,Safety & PPE Supplies
pine sol - 14oz,MRO,JanSan Supplies
scissor lift rental,Facilities,Forklifts
"#4-40 mach screw, SS",MRO,General Mill Supplies (GMS)
1 1/4 pvc sch 40 conduit,MRO,Electrical & Lighting Supplies
"1/4""x1/4"" pipe fittings",MRO,"Pipes, Valves, Fittings (PVF)"
IODINE 1.75% 4/CS 48/PLT,MRO,Industrial Chemicals
Trash bags - White (33 gal) (Cases),Business Solutions,Washroom & Breakroom
case of 12 dasani water,Business Solutions,Office Supplies & Furniture
medline IV syringe needles 100/box,Agriculture,Lab Supplies
1 inch 3 ring binder,Business Solutions,Office Supplies & Furniture
multifold paper towels,Business Solutions,Breakroom and Washroom
center-pull towel roll,Business Solutions,Breakroom and Washroom
folded napkins,Business Solutions,Breakroom and Washroom
foam drinking cups,Business Solutions,Breakroom and Washroom
paper hot cups,Business Solutions,Breakroom and Washroom
cold drink cups,Business Solutions,Breakroom and Washroom
cup lids,Business Solutions,Breakroom and Washroom
plastic cutlery kit,Business Solutions,Breakroom and Washroom
plastic forks,Business Solutions,Breakroom and Washroom
plastic spoons,Business Solutions,Breakroom and Washroom
paper plates,Business Solutions,Breakroom and Washroom
kitchen trash liners,Business Solutions,Breakroom and Washroom
breakroom trash can,Business Solutions,Breakroom and Washroom
liquid dish soap,Business Solutions,Breakroom and Washroom
hand soap refill,Business Solutions,Breakroom and Washroom
automatic soap dispenser,Business Solutions,Breakroom and Washroom
coffee filters,Business Solutions,Breakroom and Washroom
powdered creamer packets,Business Solutions,Breakroom and Washroom
sugar packets,Business Solutions,Breakroom and Washroom
wood stir sticks,Business Solutions,Breakroom and Washroom
tea bags,Business Solutions,Breakroom and Washroom
hot chocolate mix,Business Solutions,Breakroom and Washroom
coffee brewer cleaner,Business Solutions,Breakroom and Washroom
breakroom kettle,Business Solutions,Breakroom and Washroom
air freshener refill canister,Business Solutions,Breakroom and Washroom
copy paper,Business Solutions,Copy & Print Solutions
color copy paper,Business Solutions,Copy & Print Solutions
laser printer toner,Business Solutions,Copy & Print Solutions
ink cartridges,Business Solutions,Copy & Print Solutions
black printer ink,Business Solutions,Copy & Print Solutions
color toner set,Business Solutions,Copy & Print Solutions
desktop printer,Business Solutions,Copy & Print Solutions
office copier,Business Solutions,Copy & Print Solutions
multifunction printer copier,Business Solutions,Copy & Print Solutions
photo paper,Business Solutions,Copy & Print Solutions
laminating pouches,Business Solutions,Copy & Print Solutions
binding combs,Business Solutions,Copy & Print Solutions
presentation covers,Business Solutions,Copy & Print Solutions
sheet protectors,Business Solutions,Copy & Print Solutions
shipping labels,Business Solutions,Copy & Print Solutions
address labels,Business Solutions,Copy & Print Solutions
thermal paper rolls,Business Solutions,Copy & Print Solutions
wide format paper roll,Business Solutions,Copy & Print Solutions
file folders,Business Solutions,Copy & Print Solutions
hanging file folders,Business Solutions,Copy & Print Solutions
report covers,Business Solutions,Copy & Print Solutions
glossy brochure paper,Business Solutions,Copy & Print Solutions
certificate paper,Business Solutions,Copy & Print Solutions
mailing labels,Business Solutions,Copy & Print Solutions
carbonless forms,Business Solutions,Copy & Print Solutions
wireless keyboard,Business Solutions,IT Hardware & Peripherals
wired keyboard,Business Solutions,IT Hardware & Peripherals
ergonomic mouse,Business Solutions,IT Hardware & Peripherals
wireless mouse,Business Solutions,IT Hardware & Peripherals
computer monitor,Business Solutions,IT Hardware & Peripherals
laptop docking station,Business Solutions,IT Hardware & Peripherals
usb hub,Business Solutions,IT Hardware & Peripherals
external hard drive,Business Solutions,IT Hardware & Peripherals
usb flash drive,Business Solutions,IT Hardware & Peripherals
webcam,Business Solutions,IT Hardware & Peripherals
noise canceling headset,Business Solutions,IT Hardware & Peripherals
desktop speakers,Business Solutions,IT Hardware & Peripherals
keyboard wrist rest,Business Solutions,IT Hardware & Peripherals
mouse pad,Business Solutions,IT Hardware & Peripherals
monitor privacy filter,Business Solutions,IT Hardware & Peripherals
laptop stand,Business Solutions,IT Hardware & Peripherals
surge protector,Business Solutions,IT Hardware & Peripherals
hdmi cable,Business Solutions,IT Hardware & Peripherals
displayport cable,Business Solutions,IT Hardware & Peripherals
usb charging cable,Business Solutions,IT Hardware & Peripherals
ethernet adapter,Business Solutions,IT Hardware & Peripherals
display adapter,Business Solutions,IT Hardware & Peripherals
battery backup ups system,Business Solutions,IT Hardware & Peripherals
desktop pc tower,Business Solutions,IT Hardware & Peripherals
monitor mounting arm,Business Solutions,IT Hardware & Peripherals
gel ink pens,Business Solutions,Office Supplies & Furniture
ballpoint pens,Business Solutions,Office Supplies & Furniture
highlighters,Business Solutions,Office Supplies & Furniture
dry erase markers,Business Solutions,Office Supplies & Furniture
mechanical pencils,Business Solutions,Office Supplies & Furniture
sticky notes,Business Solutions,Office Supplies & Furniture
notepads,Business Solutions,Office Supplies & Furniture
spiral notebooks,Business Solutions,Office Supplies & Furniture
three ring binders,Business Solutions,Office Supplies & Furniture
binder dividers,Business Solutions,Office Supplies & Furniture
manila file folders,Business Solutions,Office Supplies & Furniture
hanging file folders,Business Solutions,Office Supplies & Furniture
desk organizer,Business Solutions,Office Supplies & Furniture
stapler,Business Solutions,Office Supplies & Furniture
staples,Business Solutions,Office Supplies & Furniture
tape dispenser,Business Solutions,Office Supplies & Furniture
desktop tape,Business Solutions,Office Supplies & Furniture
office chair,Business Solutions,Office Supplies & Furniture
task chair,Business Solutions,Office Supplies & Furniture
desk lamp,Business Solutions,Office Supplies & Furniture
lateral filing cabinet,Business Solutions,Office Supplies & Furniture
vertical filing cabinet,Business Solutions,Office Supplies & Furniture
bookcase,Business Solutions,Office Supplies & Furniture
desktop storage tray,Business Solutions,Office Supplies & Furniture
letter tray,Business Solutions,Office Supplies & Furniture
parcel shipping service,Business Solutions,Small Parcel
express parcel delivery,Business Solutions,Small Parcel
standard parcel delivery,Business Solutions,Small Parcel
overnight parcel shipment,Business Solutions,Small Parcel
two day parcel shipment,Business Solutions,Small Parcel
ground parcel service,Business Solutions,Small Parcel
courier delivery service,Business Solutions,Small Parcel
small package pickup,Business Solutions,Small Parcel
return parcel processing,Business Solutions,Small Parcel
parcel label printing,Business Solutions,Small Parcel
parcel tracking service,Business Solutions,Small Parcel
signature delivery service,Business Solutions,Small Parcel
residential parcel surcharge,Business Solutions,Small Parcel
rural delivery surcharge,Business Solutions,Small Parcel
fuel surcharge for parcel,Business Solutions,Small Parcel
handling service for parcels,Business Solutions,Small Parcel
delivery confirmation service,Business Solutions,Small Parcel
parcel address correction,Business Solutions,Small Parcel
international small parcel service,Business Solutions,Small Parcel
parcel repackaging service,Business Solutions,Small Parcel
parcel insurance service,Business Solutions,Small Parcel
small parcel pickup fee,Business Solutions,Small Parcel
parcel routing service,Business Solutions,Small Parcel
parcel sortation service,Business Solutions,Small Parcel
parcel distribution service,Business Solutions,Small Parcel
hvac system inspection,Facilities,HVAC Services
hvac unit repair,Facilities,HVAC Services
air handler service,Facilities,HVAC Services
rooftop unit maintenance,Facilities,HVAC Services
condenser coil cleaning,Facilities,HVAC Services
compressor diagnostic service,Facilities,HVAC Services
thermostat troubleshooting,Facilities,HVAC Services
ventilation system repair,Facilities,HVAC Services
ductwork inspection,Facilities,HVAC Services
blower motor service,Facilities,HVAC Services
evaporator coil service,Facilities,HVAC Services
refrigerant system check,Facilities,HVAC Services
hvac leak detection service,Facilities,HVAC Services
unit startup service,Facilities,HVAC Services
hvac safety check,Facilities,HVAC Services
temperature control calibration,Facilities,HVAC Services
filter housing cleaning,Facilities,HVAC Services
hvac emergency service call,Facilities,HVAC Services
preventive hvac maintenance,Facilities,HVAC Services
heat pump service,Facilities,HVAC Services
variable air volume system service,Facilities,HVAC Services
exhaust fan maintenance,Facilities,HVAC Services
air balancing service,Facilities,HVAC Services
hvac electrical diagnostic,Facilities,HVAC Services
thermostat replacement service,Facilities,HVAC Services
led tube light,MRO,Lighting
led panel light,MRO,Lighting
led floodlight,MRO,Lighting
exit sign,MRO,Lighting
emergency light,MRO,Lighting
recessed can light trim,MRO,Lighting
track lighting head,MRO,Lighting
under cabinet light strip,MRO,Lighting
parking lot light fixture,MRO,Lighting
wall pack light,MRO,Lighting
high bay light fixture,MRO,Lighting
low bay light fixture,MRO,Lighting
lamp socket,MRO,Lighting
lamp holder,MRO,Lighting
ballast kit,MRO,Lighting
led driver,MRO,Lighting
occupancy sensor,MRO,Lighting
daylight sensor,MRO,Lighting
lighting control module,MRO,Lighting
dimmer switch,MRO,Lighting
photocell sensor,MRO,Lighting
mounting bracket for lighting,MRO,Lighting
light fixture lens,MRO,Lighting
replacement light diffuser,MRO,Lighting
lighting junction box,MRO,Lighting
engine oil,Facilities,Auto Parts Repair & Maintenance
fuel filter,Facilities,Auto Parts Repair & Maintenance
brake pads,Facilities,Auto Parts Repair & Maintenance
brake rotors,Facilities,Auto Parts Repair & Maintenance
wiper blades,Facilities,Auto Parts Repair & Maintenance
coolant,Facilities,Auto Parts Repair & Maintenance
transmission fluid,Facilities,Auto Parts Repair & Maintenance
power steering fluid,Facilities,Auto Parts Repair & Maintenance
wheel bearing hub,Facilities,Auto Parts Repair & Maintenance
alternator,Facilities,Auto Parts Repair & Maintenance
radiator hose,Facilities,Auto Parts Repair & Maintenance
first aid kit,Facilities,Fire Safety & First Aid
burn gel packets,Facilities,Fire Safety & First Aid
gauze pads,Facilities,Fire Safety & First Aid
tourniquet strap,Facilities,Fire Safety & First Aid
trauma scissors,Facilities,Fire Safety & First Aid
eyewash solution,Facilities,Fire Safety & First Aid
wall mounted eyewash station,Facilities,Fire Safety & First Aid
fire extinguisher,Facilities,Fire Safety & First Aid
fire extinguisher bracket,Facilities,Fire Safety & First Aid
fire alarm pull station,Facilities,Fire Safety & First Aid
smoke detector,Facilities,Fire Safety & First Aid
carbon monoxide detector,Facilities,Fire Safety & First Aid
fire escape ladder,Facilities,Fire Safety & First Aid
fire blanket,Facilities,Fire Safety & First Aid
safety whistle,Facilities,Fire Safety & First Aid
medical response bag,Facilities,Fire Safety & First Aid
emergency response kit,Facilities,Fire Safety & First Aid
ltl freight shipment,Facilities,Freight Services
truckload freight service,Facilities,Freight Services
expedited freight service,Facilities,Freight Services
air freight service,Facilities,Freight Services
ocean freight service,Facilities,Freight Services
intermodal freight service,Facilities,Freight Services
local freight delivery,Facilities,Freight Services
regional freight delivery,Facilities,Freight Services
residential delivery surcharge,Facilities,Freight Services
liftgate service charge,Facilities,Freight Services
inside delivery service,Facilities,Freight Services
hazmat freight surcharge,Facilities,Freight Services
fuel surcharge,Facilities,Freight Services
detention fee,Facilities,Freight Services
redelivery fee,Facilities,Freight Services
freight appointment scheduling,Facilities,Freight Services
freight reclassification fee,Facilities,Freight Services
weight inspection fee,Facilities,Freight Services
freight documentation fee,Facilities,Freight Services
dock pickup service,Facilities,Freight Services
freight palletization service,Facilities,Freight Services
freight consolidation service,Facilities,Freight Services
freight sorting service,Facilities,Freight Services
freight routing service,Facilities,Freight Services
freight carrier transfer fee,Facilities,Freight Services
pest control service,Facilities,Pest Control
rodent control service,Facilities,Pest Control
insect control service,Facilities,Pest Control
termite control service,Facilities,Pest Control
ant treatment service,Facilities,Pest Control
roach treatment service,Facilities,Pest Control
fly control service,Facilities,Pest Control
mosquito control service,Facilities,Pest Control
pest inspection service,Facilities,Pest Control
rodent inspection service,Facilities,Pest Control
bait station installation,Facilities,Pest Control
bait station refill,Facilities,Pest Control
rodent trap placement,Facilities,Pest Control
insect trap placement,Facilities,Pest Control
exterior perimeter treatment,Facilities,Pest Control
interior pest treatment,Facilities,Pest Control
wasp nest removal,Facilities,Pest Control
bee removal service,Facilities,Pest Control
wildlife removal service,Facilities,Pest Control
pest control monitoring service,Facilities,Pest Control
stored product pest treatment,Facilities,Pest Control
drain fly treatment,Facilities,Pest Control
pest exclusion service,Facilities,Pest Control
pest control emergency service,Facilities,Pest Control
seasonal pest prevention service,Facilities,Pest Control
security system installation,Facilities,Security
security system repair,Facilities,Security
security camera,Facilities,Security
security camera installation,Facilities,Security
access control system,Facilities,Security
badge access reader,Facilities,Security
badge access programming,Facilities,Security
door access controller,Facilities,Security
security alarm panel,Facilities,Security
alarm monitoring service,Facilities,Security
security keypad,Facilities,Security
motion detector,Facilities,Security
door contact sensor,Facilities,Security
glass break detector,Facilities,Security
security system inspection,Facilities,Security
security system maintenance,Facilities,Security
surveillance system upgrade,Facilities,Security
video recorder unit,Facilities,Security
security cabling service,Facilities,Security
security system troubleshooting,Facilities,Security
door strike plate,Facilities,Security
electric door strike,Facilities,Security
panic button installation,Facilities,Security
voice intercom system,Facilities,Security
security system integration service,Facilities,Security
uniform rental service,Facilities,Uniforms & Mats
uniform cleaning service,Facilities,Uniforms & Mats
uniform laundry service,Facilities,Uniforms & Mats
work shirt rental,Facilities,Uniforms & Mats
work pants rental,Facilities,Uniforms & Mats
hi vis vest rental,Facilities,Uniforms & Mats
lab coat rental,Facilities,Uniforms & Mats
shop towel service,Facilities,Uniforms & Mats
floor mat rental,Facilities,Uniforms & Mats
entrance mat rental,Facilities,Uniforms & Mats
anti fatigue mat rental,Facilities,Uniforms & Mats
logo mat rental,Facilities,Uniforms & Mats
shop towel pickup,Facilities,Uniforms & Mats
uniform repair service,Facilities,Uniforms & Mats
locker room towel service,Facilities,Uniforms & Mats
lab coat cleaning,Facilities,Uniforms & Mats
shop coat rental,Facilities,Uniforms & Mats
kitchen apron rental,Facilities,Uniforms & Mats
facility mat service,Facilities,Uniforms & Mats
mop service program,Facilities,Uniforms & Mats
uniform fitting service,Facilities,Uniforms & Mats
uniform exchange service,Facilities,Uniforms & Mats
work glove laundry service,Facilities,Uniforms & Mats
towel exchange service,Facilities,Uniforms & Mats
onsite uniform program service,Facilities,Uniforms & Mats
ball bearing,MRO,Bearings & Power Trans. (BPT)
roller bearing,MRO,Bearings & Power Trans. (BPT)
sealed bearing,MRO,Bearings & Power Trans. (BPT)
bearing housing,MRO,Bearings & Power Trans. (BPT)
pillow block bearing,MRO,Bearings & Power Trans. (BPT)
flange bearing,MRO,Bearings & Power Trans. (BPT)
drive belt,MRO,Bearings & Power Trans. (BPT)
v belt,MRO,Bearings & Power Trans. (BPT)
timing belt,MRO,Bearings & Power Trans. (BPT)
roller chain,MRO,Bearings & Power Trans. (BPT)
chain link connector,MRO,Bearings & Power Trans. (BPT)
sprocket,MRO,Bearings & Power Trans. (BPT)
gear reducer component,MRO,Bearings & Power Trans. (BPT)
shaft collar,MRO,Bearings & Power Trans. (BPT)
shaft coupling,MRO,Bearings & Power Trans. (BPT)
flexible coupling insert,MRO,Bearings & Power Trans. (BPT)
taper lock bushing,MRO,Bearings & Power Trans. (BPT)
keyed shaft,MRO,Bearings & Power Trans. (BPT)
idler pulley,MRO,Bearings & Power Trans. (BPT)
drive pulley,MRO,Bearings & Power Trans. (BPT)
gear wheel,MRO,Bearings & Power Trans. (BPT)
power transmission chain guard,MRO,Bearings & Power Trans. (BPT)
bearing seal,MRO,Bearings & Power Trans. (BPT)
bearing retainer,MRO,Bearings & Power Trans. (BPT)
universal joint,MRO,Bearings & Power Trans. (BPT)
electrical wire connector,MRO,Electrical & Lighting Supplies
electrical junction box,MRO,Electrical & Lighting Supplies
conduit elbow fitting,MRO,Electrical & Lighting Supplies
conduit clamp,MRO,Electrical & Lighting Supplies
mc cable connector,MRO,Electrical & Lighting Supplies
flexible conduit,MRO,Electrical & Lighting Supplies
electrical switch,MRO,Electrical & Lighting Supplies
electrical outlet,MRO,Electrical & Lighting Supplies
weatherproof box cover,MRO,Electrical & Lighting Supplies
circuit breaker,MRO,Electrical & Lighting Supplies
disconnect switch,MRO,Electrical & Lighting Supplies
fuse holder,MRO,Electrical & Lighting Supplies
electrical fuse,MRO,Electrical & Lighting Supplies
lighting ballast,MRO,Electrical & Lighting Supplies
led driver module,MRO,Electrical & Lighting Supplies
lamp socket,MRO,Electrical & Lighting Supplies
electrical contactor,MRO,Electrical & Lighting Supplies
electrical relay,MRO,Electrical & Lighting Supplies
wire pull lubricant,MRO,Electrical & Lighting Supplies
junction box cover,MRO,Electrical & Lighting Supplies
electrical terminal block,MRO,Electrical & Lighting Supplies
surge protector device,MRO,Electrical & Lighting Supplies
lighting control sensor,MRO,Electrical & Lighting Supplies
cord grip connector,MRO,Electrical & Lighting Supplies
strain relief connector,MRO,Electrical & Lighting Supplies
hydraulic cylinder,MRO,Fluid Power & Pneumatics
pneumatic cylinder,MRO,Fluid Power & Pneumatics
hydraulic hose,MRO,Fluid Power & Pneumatics
pneumatic hose,MRO,Fluid Power & Pneumatics
hydraulic hose fitting,MRO,Fluid Power & Pneumatics
pneumatic hose fitting,MRO,Fluid Power & Pneumatics
air regulator,MRO,Fluid Power & Pneumatics
air filter regulator,MRO,Fluid Power & Pneumatics
air lubricator,MRO,Fluid Power & Pneumatics
air preparation unit,MRO,Fluid Power & Pneumatics
solenoid valve,MRO,Fluid Power & Pneumatics
check valve,MRO,Fluid Power & Pneumatics
hydraulic valve,MRO,Fluid Power & Pneumatics
pneumatic valve,MRO,Fluid Power & Pneumatics
hydraulic pump,MRO,Fluid Power & Pneumatics
pneumatic actuator,MRO,Fluid Power & Pneumatics
air pressure gauge,MRO,Fluid Power & Pneumatics
air manifold block,MRO,Fluid Power & Pneumatics
hydraulic seal kit,MRO,Fluid Power & Pneumatics
pneumatic seal kit,MRO,Fluid Power & Pneumatics
hydraulic quick coupler,MRO,Fluid Power & Pneumatics
pneumatic quick coupler,MRO,Fluid Power & Pneumatics
air line connector,MRO,Fluid Power & Pneumatics
hydraulic filter element,MRO,Fluid Power & Pneumatics
pressure switch,MRO,Fluid Power & Pneumatics
hex bolts,MRO,General Mill Supplies (GMS)
machine screws,MRO,General Mill Supplies (GMS)
wood screws,MRO,General Mill Supplies (GMS)
nuts and washers,MRO,General Mill Supplies (GMS)
threaded rod,MRO,General Mill Supplies (GMS)
lag screws,MRO,General Mill Supplies (GMS)
drill bits,MRO,General Mill Supplies (GMS)
saw blades,MRO,General Mill Supplies (GMS)
utility knife blades,MRO,General Mill Supplies (GMS)
pliers,MRO,General Mill Supplies (GMS)
adjustable wrench,MRO,General Mill Supplies (GMS)
allen wrench set,MRO,General Mill Supplies (GMS)
zip ties,MRO,General Mill Supplies (GMS)
duct tape,MRO,General Mill Supplies (GMS)
electrical tape,MRO,General Mill Supplies (GMS)
masking tape,MRO,General Mill Supplies (GMS)
super glue,MRO,General Mill Supplies (GMS)
epoxy adhesive,MRO,General Mill Supplies (GMS)
silicone sealant,MRO,General Mill Supplies (GMS)
lubricating spray,MRO,General Mill Supplies (GMS)
penetrating oil,MRO,General Mill Supplies (GMS)
shop towels,MRO,General Mill Supplies (GMS)
wire brush,MRO,General Mill Supplies (GMS)
abrasive sanding pads,MRO,General Mill Supplies (GMS)
grinding wheel,MRO,General Mill Supplies (GMS)
wire nuts,MRO,General Mill Supplies (GMS)
electrical connectors,MRO,General Mill Supplies (GMS)
terminal kit,MRO,General Mill Supplies (GMS)
bungee cords,MRO,General Mill Supplies (GMS)
handheld flashlight,MRO,General Mill Supplies (GMS)
work gloves,MRO,General Mill Supplies (GMS)
bench vice,MRO,General Mill Supplies (GMS)
tool storage bin,MRO,General Mill Supplies (GMS)
shop vacuum filter,MRO,General Mill Supplies (GMS)
magnetic pickup tool,MRO,General Mill Supplies (GMS)
floor cleaner,MRO,JanSan Supplies
all purpose cleaner,MRO,JanSan Supplies
glass cleaner,MRO,JanSan Supplies
degreaser,MRO,JanSan Supplies
disinfectant spray,MRO,JanSan Supplies
bathroom cleaner,MRO,JanSan Supplies
toilet bowl cleaner,MRO,JanSan Supplies
carpet spot remover,MRO,JanSan Supplies
hand soap,MRO,JanSan Supplies
sanitizer gel,MRO,JanSan Supplies
hand soap dispenser,MRO,JanSan Supplies
paper towel dispenser,MRO,JanSan Supplies
trash bags,MRO,JanSan Supplies
janitor cart,MRO,JanSan Supplies
mop head,MRO,JanSan Supplies
wet mop handle,MRO,JanSan Supplies
dust mop,MRO,JanSan Supplies
janitorial broom,MRO,JanSan Supplies
push broom,MRO,JanSan Supplies
dustpan,MRO,JanSan Supplies
cleaning bucket,MRO,JanSan Supplies
floor squeegee,MRO,JanSan Supplies
urinal screens,MRO,JanSan Supplies
drain cleaner,MRO,JanSan Supplies
odor neutralizer,MRO,JanSan Supplies
beaker,MRO,Lab Supplies
test tube,MRO,Lab Supplies
pipette,MRO,Lab Supplies
pipette tips,MRO,Lab Supplies
graduated cylinder,MRO,Lab Supplies
lab flask,MRO,Lab Supplies
sample vials,MRO,Lab Supplies
slide covers,MRO,Lab Supplies
specimen container,MRO,Lab Supplies
lab reagent,MRO,Lab Supplies
ph test strips,MRO,Lab Supplies
lab wash bottle,MRO,Lab Supplies
centrifuge tube,MRO,Lab Supplies
microplate,MRO,Lab Supplies
stir bar,MRO,Lab Supplies
lab spatula,MRO,Lab Supplies
lab forceps,MRO,Lab Supplies
petri dish,MRO,Lab Supplies
lab cleaning brush,MRO,Lab Supplies
lab labeling tape,MRO,Lab Supplies
lab swabs,MRO,Lab Supplies
lab marker,MRO,Lab Supplies
sample collection bag,MRO,Lab Supplies
lab timer,MRO,Lab Supplies
ph meter,MRO,Lab Supplies
ac motor,MRO,Motors
dc motor,MRO,Motors
motor starter,MRO,Motors
motor contactor,MRO,Motors
motor overload relay,MRO,Motors
motor capacitor,MRO,Motors
motor cooling fan,MRO,Motors
motor shaft key,MRO,Motors
motor terminal block,MRO,Motors
motor housing cover,MRO,Motors
motor bearing kit,MRO,Motors
motor brush set,MRO,Motors
motor mounting bracket,MRO,Motors
motor wiring harness,MRO,Motors
motor coupling,MRO,Motors
motor pulley,MRO,Motors
gear motor,MRO,Motors
servo motor,MRO,Motors
pump motor,MRO,Motors
blower motor,MRO,Motors
fan motor,MRO,Motors
motor disconnect switch,MRO,Motors
motor control module,MRO,Motors
three phase motor,MRO,Motors
replacement motor assembly,MRO,Motors
pipe fitting,MRO,"Pipes, Valves, Fittings (PVF)"
pipe coupling,MRO,"Pipes, Valves, Fittings (PVF)"
pipe elbow,MRO,"Pipes, Valves, Fittings (PVF)"
pipe tee,MRO,"Pipes, Valves, Fittings (PVF)"
pipe nipple,MRO,"Pipes, Valves, Fittings (PVF)"
pipe cap,MRO,"Pipes, Valves, Fittings (PVF)"
pipe plug,MRO,"Pipes, Valves, Fittings (PVF)"
ball valve,MRO,"Pipes, Valves, Fittings (PVF)"
gate valve,MRO,"Pipes, Valves, Fittings (PVF)"
check valve,MRO,"Pipes, Valves, Fittings (PVF)"
needle valve,MRO,"Pipes, Valves, Fittings (PVF)"
globe valve,MRO,"Pipes, Valves, Fittings (PVF)"
butterfly valve,MRO,"Pipes, Valves, Fittings (PVF)"
flange gasket,MRO,"Pipes, Valves, Fittings (PVF)"
pipe hanger,MRO,"Pipes, Valves, Fittings (PVF)"
pipe clamp,MRO,"Pipes, Valves, Fittings (PVF)"
compression fitting,MRO,"Pipes, Valves, Fittings (PVF)"
threaded fitting,MRO,"Pipes, Valves, Fittings (PVF)"
union fitting,MRO,"Pipes, Valves, Fittings (PVF)"
pipe strainer,MRO,"Pipes, Valves, Fittings (PVF)"
valve stem,MRO,"Pipes, Valves, Fittings (PVF)"
valve handle,MRO,"Pipes, Valves, Fittings (PVF)"
valve packing kit,MRO,"Pipes, Valves, Fittings (PVF)"
pipe repair clamp,MRO,"Pipes, Valves, Fittings (PVF)"
pipe support bracket,MRO,"Pipes, Valves, Fittings (PVF)"
nitrile gloves,MRO,Safety & PPE Supplies
latex gloves,MRO,Safety & PPE Supplies
heat resistant gloves,MRO,Safety & PPE Supplies
cut resistant gloves,MRO,Safety & PPE Supplies
chemical resistant gloves,MRO,Safety & PPE Supplies
safety glasses,MRO,Safety & PPE Supplies
goggles,MRO,Safety & PPE Supplies
face shield,MRO,Safety & PPE Supplies
ear plugs,MRO,Safety & PPE Supplies
ear muffs,MRO,Safety & PPE Supplies
hard hat,MRO,Safety & PPE Supplies
bump cap,MRO,Safety & PPE Supplies
high visibility vest,MRO,Safety & PPE Supplies
disposable coveralls,MRO,Safety & PPE Supplies
lab coat,MRO,Safety & PPE Supplies
respirator mask,MRO,Safety & PPE Supplies
respirator cartridges,MRO,Safety & PPE Supplies
dust mask,MRO,Safety & PPE Supplies
fall protection harness,MRO,Safety & PPE Supplies
lanyard for fall protection,MRO,Safety & PPE Supplies
safety cone,MRO,Safety & PPE Supplies
safety signage,MRO,Safety & PPE Supplies
first aid gloves,MRO,Safety & PPE Supplies
chemical apron,MRO,Safety & PPE Supplies
welding face shield,MRO,Safety & PPE Supplies
corrugated shipping box,Packaging,Corrugated Boxes
corrugated storage box,Packaging,Corrugated Boxes
single wall corrugated box,Packaging,Corrugated Boxes
double wall corrugated box,Packaging,Corrugated Boxes
heavy duty corrugated box,Packaging,Corrugated Boxes
kraft corrugated box,Packaging,Corrugated Boxes
white corrugated box,Packaging,Corrugated Boxes
die cut corrugated box,Packaging,Corrugated Boxes
telescoping corrugated box,Packaging,Corrugated Boxes
multi depth corrugated box,Packaging,Corrugated Boxes
literature mailer box,Packaging,Corrugated Boxes
file storage box,Packaging,Corrugated Boxes
bin box,Packaging,Corrugated Boxes
cube corrugated box,Packaging,Corrugated Boxes
long corrugated box,Packaging,Corrugated Boxes
flat corrugated box,Packaging,Corrugated Boxes
side loading corrugated box,Packaging,Corrugated Boxes
hazmat certified corrugated box,Packaging,Corrugated Boxes
insulated corrugated box,Packaging,Corrugated Boxes
pallet master corrugated box,Packaging,Corrugated Boxes
corrugated tote box,Packaging,Corrugated Boxes
auto lock bottom corrugated box,Packaging,Corrugated Boxes
folding corrugated carton,Packaging,Corrugated Boxes
heavy duty moving box,Packaging,Corrugated Boxes
corrugated mailing box,Packaging,Corrugated Boxes
stretch film,Packaging,Flexible Films & Bags
hand stretch film,Packaging,Flexible Films & Bags
machine stretch film,Packaging,Flexible Films & Bags
shrink film,Packaging,Flexible Films & Bags
poly bag,Packaging,Flexible Films & Bags
poly tubing,Packaging,Flexible Films & Bags
gusseted poly bag,Packaging,Flexible Films & Bags
flat poly bag,Packaging,Flexible Films & Bags
reclosable poly bag,Packaging,Flexible Films & Bags
pallet cover bag,Packaging,Flexible Films & Bags
drum liner,Packaging,Flexible Films & Bags
pouch bag,Packaging,Flexible Films & Bags
stand up pouch,Packaging,Flexible Films & Bags
vacuum pouch,Packaging,Flexible Films & Bags
mailer bag,Packaging,Flexible Films & Bags
bubble mailer bag,Packaging,Flexible Films & Bags
static shielding bag,Packaging,Flexible Films & Bags
desiccant bag,Packaging,Flexible Films & Bags
impulse seal bag,Packaging,Flexible Films & Bags
anti static poly bag,Packaging,Flexible Films & Bags
poly sheeting,Packaging,Flexible Films & Bags
stretch hood film,Packaging,Flexible Films & Bags
folding carton,Packaging,Folding Cartons
tuck top folding carton,Packaging,Folding Cartons
reverse tuck carton,Packaging,Folding Cartons
straight tuck carton,Packaging,Folding Cartons
auto bottom folding carton,Packaging,Folding Cartons
lock bottom folding carton,Packaging,Folding Cartons
paperboard folding carton,Packaging,Folding Cartons
kraft folding carton,Packaging,Folding Cartons
white folding carton,Packaging,Folding Cartons
printed folding carton,Packaging,Folding Cartons
gloss finish folding carton,Packaging,Folding Cartons
matte finish folding carton,Packaging,Folding Cartons
carton sleeve,Packaging,Folding Cartons
carton insert,Packaging,Folding Cartons
hinged lid carton,Packaging,Folding Cartons
display folding carton,Packaging,Folding Cartons
die cut folding carton,Packaging,Folding Cartons
tab lock folding carton,Packaging,Folding Cartons
folding carton blank,Packaging,Folding Cartons
gable top carton,Packaging,Folding Cartons
mailer style carton,Packaging,Folding Cartons
folding carton carrier,Packaging,Folding Cartons
wrap around carton,Packaging,Folding Cartons
retail folding carton,Packaging,Folding Cartons
custom printed folding carton,Packaging,Folding Cartons
wood pallet,Packaging,Pallets
plastic pallet,Packaging,Pallets
heat treated pallet,Packaging,Pallets
recycled pallet,Packaging,Pallets
block pallet,Packaging,Pallets
stringer pallet,Packaging,Pallets
export pallet,Packaging,Pallets
nestable plastic pallet,Packaging,Pallets
rackable plastic pallet,Packaging,Pallets
heavy duty pallet,Packaging,Pallets
custom built pallet,Packaging,Pallets
presswood pallet,Packaging,Pallets
pallet skid,Packaging,Pallets
pallet top frame,Packaging,Pallets
pallet cover sheet,Packaging,Pallets
pallet repair board,Packaging,Pallets
pallet stringer board,Packaging,Pallets
pallet runner board,Packaging,Pallets
pallet block,Packaging,Pallets
pallet deck board,Packaging,Pallets
pallet repair service,Packaging,Pallets
pallet recycling service,Packaging,Pallets
pallet sorting service,Packaging,Pallets
collapsible pallet,Packaging,Pallets
lightweight pallet,Packaging,Pallets
plastic strapping,Packaging,Strapping
poly strapping,Packaging,Strapping
steel strapping,Packaging,Strapping
woven strapping,Packaging,Strapping
composite strapping,Packaging,Strapping
cord strapping,Packaging,Strapping
strapping buckle,Packaging,Strapping
strapping seal,Packaging,Strapping
strapping clip,Packaging,Strapping
strapping tensioner,Packaging,Strapping
strapping sealer tool,Packaging,Strapping
manual strapping tool,Packaging,Strapping
battery powered strapping tool,Packaging,Strapping
strapping dispenser cart,Packaging,Strapping
pallet strapping kit,Packaging,Strapping
edge protector for strapping,Packaging,Strapping
corner guard for strapping,Packaging,Strapping
strapping cutter,Packaging,Strapping
strapping reel,Packaging,Strapping
strapping band,Packaging,Strapping
high tensile steel strapping,Packaging,Strapping
light duty poly strapping,Packaging,Strapping
mid grade poly strapping,Packaging,Strapping
strapping accessory kit,Packaging,Strapping
strapping replacement parts,Packaging,Strapping
lysol disinfecting wipes,MRO,JanSan Supplies
tylenol,Business Solutions,Washroom & Breakroom
ziploc bags sandwich,Business Solutions,Washroom & Breakroom
advil,Business Solutions,Washroom & Breakroom
oxiclean laundry stain remover,MRO,JanSan Supplies
dish soap,Business Solutions,Washroom & Breakroom
cocci connectors,MRO,Electrical & Lighting Supplies
cocci connectors,MRO,Electrical & Lighting Supplies
coupler brass,MRO,Electrical & Lighting Supplies
coupler stainless,MRO,Electrical & Lighting Supplies
write on safety sign,Facilities,Safety & PPE Supplies
not an exit sign,Business Solutions,Copy & Print Solutions
sensitive tape,MRO,General Mill Supplies (GMS)
severe weather shelter area sign,MRO,Copy & Print Solutions
slippery when wet sign,Facilities,Copy & Print Solutions
slippery when wet sign,MRO,Copy & Print Solutions
temperature tape,MRO,General Mill Supplies (GMS)
y connectors,MRO,Electrical & Lighting Supplies
you are here sign,Business Solutions,Copy & Print Solutions
